{
  "usg_pct": 0.5287793058342124,
  "reb": 0.23030511570761797,
  "ast": 0.22496774302936914,
  "gp": 0.014637663111032284,
  "dreb_pct": 0.001310172317768228,
  "player_weight": 0.0,
  "age": 0.0,
  "player_height": 0.0,
  "oreb_pct": 0.0,
  "net_rating": 0.0,
  "ts_pct": 0.0,
  "ast_pct": 0.0
}